total_accuracy,f1_scream,recall_scream,clf_label,total_samples,positives,negatives,total_features,test_size_ratio,folds,kfold_repeats,sampling_repeats,n_mfcc_amount,model_name,model_info,userInput,,,,,,,,,,,,,,
0.914948773,0.916652715,0.935242548,scream,734,367,367,46,0.2,5,2,2,40,,,basic model,,,,,,,,,,,,,,
0.904619478,0.905393256,0.9155282,scream,734,367,367,46,0.2,5,5,5,40,,,,,,,,,,,,,,,,,
0.790625,0.793346968,0.809375,scream,200,100,100,46,0.2,5,5,5,40,,,,,,,,,,,,,,,,,
0.83984375,0.843359938,0.863541667,scream,300,150,150,46,0.2,5,5,5,40,,,,,,,,,,,,,,,,,
0.861132813,0.864304109,0.884765625,scream,400,200,200,46,0.2,5,5,5,40,,,,,,,,,,,,,,,,,
0.88375,0.885346838,0.89625,scream,500,250,250,46,0.2,5,5,5,40,,,,,,,,,,,,,,,,,
0.897916667,0.898979102,0.908854167,scream,600,300,300,46,0.2,5,5,5,40,,,,,,,,,,,,,,,,,
0.900892857,0.902085222,0.913392857,scream,700,350,350,46,0.2,5,5,5,40,,,,,,,,,,,,,,,,,
0.905993864,0.906714449,0.913855202,scream,734,367,367,46,0.2,5,5,5,40,,,,,,,,,,,,,,,,,
0.991015625,0.990986187,0.990625,scream,200,100,100,46,0.2,5,5,5,40,sequential_39,model_layers=6__max_eval(param-tuning-iterations=10),hyper-param-findings,,,,,,,,,,,,,,
0.996875,0.996895354,0.997916667,scream,300,150,150,46,0.2,5,5,5,40,sequential_72,model_layers=6__max_eval(param-tuning-iterations=10),,,,,,,,,,,,,,,
0.990234375,0.990310159,0.990625,scream,400,200,200,46,0.2,5,5,5,40,sequential_113,model_layers=4__max_eval(param-tuning-iterations=10),,,,,,,,,,,,,,,
0.99078125,0.990757807,0.990625,scream,500,250,250,46,0.2,5,5,5,40,sequential_154,model_layers=3__max_eval(param-tuning-iterations=10),,,,,,,,,,,,,,,
0.995572917,0.995564181,0.995572917,scream,600,300,300,46,0.2,5,5,5,40,sequential_193,model_layers=4__max_eval(param-tuning-iterations=10),,,,,,,,,,,,,,,
0.990959821,0.991032481,0.991964286,scream,700,350,350,46,0.2,5,5,5,40,sequential_234,model_layers=3__max_eval(param-tuning-iterations=10),,,,,,,,,,,,,,,
0.989890015,0.989824841,0.9889173,scream,734,367,367,46,0.2,5,5,5,40,sequential_277,model_layers=5__max_eval(param-tuning-iterations=10),,,,,,,,,,,,,,,
0.998046875,0.997983871,0.99609375,scream,200,100,100,26,0.2,5,5,5,20,sequential_37,model_layers=5__max_eval(param-tuning-iterations=10),,,,,,,,,,,,,,,
0.989322917,0.989547536,0.990625,scream,300,150,150,26,0.2,5,5,5,20,sequential_74,model_layers=3__max_eval(param-tuning-iterations=10),,,,,,,,,,,,,,,
0.993359375,0.993317229,0.9921875,scream,400,200,200,26,0.2,5,5,5,20,sequential_111,model_layers=3__max_eval(param-tuning-iterations=10),,,,,,,,,,,,,,,
0.99203125,0.992104027,0.993125,scream,500,250,250,26,0.2,5,5,5,20,sequential_152,model_layers=6__max_eval(param-tuning-iterations=10),,,,,,,,,,,,,,,
0.988151042,0.988246146,0.988541667,scream,600,300,300,26,0.2,5,5,5,20,sequential_193,model_layers=4__max_eval(param-tuning-iterations=10),,,,,,,,,,,,,,,
0.990959821,0.990931415,0.990401786,scream,700,350,350,26,0.2,5,5,5,20,sequential_235,model_layers=5__max_eval(param-tuning-iterations=10),,,,,,,,,,,,,,,
0.992446937,0.992464829,0.992756429,scream,734,367,367,26,0.2,5,5,5,20,sequential_277,model_layers=5__max_eval(param-tuning-iterations=10),,,,,,,,,,,,,,,
0.819140625,0.821051525,0.834375,scream,200,100,100,26,0.2,5,5,5,20,sequential_80,model_layers=4__max_eval(param-tuning-iterations=0),,,,,,,,,,,,,,,
0.864322917,0.866779059,0.883333333,scream,300,150,150,26,0.2,5,5,5,20,sequential_160,model_layers=4__max_eval(param-tuning-iterations=0),,,,,,,,,,,,,,,
0.872851563,0.874171684,0.8828125,scream,400,200,200,26,0.2,5,5,5,20,sequential_240,model_layers=4__max_eval(param-tuning-iterations=0),,,,,,,,,,,,,,,
0.8859375,0.887553036,0.899375,scream,500,250,250,26,0.2,5,5,5,20,sequential_320,model_layers=4__max_eval(param-tuning-iterations=0),,,,,,,,,,,,,,,
0.900390625,0.90103516,0.908854167,scream,600,300,300,26,0.2,5,5,5,20,sequential_400,model_layers=4__max_eval(param-tuning-iterations=0),,,,,,,,,,,,,,,
0.908482143,0.909173218,0.916071429,scream,700,350,350,26,0.2,5,5,5,20,sequential_480,model_layers=4__max_eval(param-tuning-iterations=0),,,,,,,,,,,,,,,
0.90953062,0.909711218,0.912967563,scream,734,367,367,26,0.2,5,5,5,20,sequential_80,model_layers=4__max_eval(param-tuning-iterations=0),,,,,,,,,,,,,,,
,,,,,,,,,,,,,,,strange_hyper_but_bad,,,,,,,,,,,,,,
0.496598639,0,0,scream,734,367,367,26,0.2,5,5,5,20,sequential_1,model_layers=5,,,,,,,,,,,,,,,
0.496598639,0,0,scream,734,367,367,26,0.2,5,5,5,20,sequential_1,model_layers=5,,,,,,,,,,,,,,,
0.496598639,0,0,scream,734,367,367,26,0.2,5,5,5,20,sequential_1,model_layers=5,,,,,,,,,,,,,,,
0.496598639,0,0,scream,734,367,367,26,0.2,5,5,5,20,sequential_72,model_layers=6,,,,,,,,,,,,,,,
0.81484375,0.814954825,0.81953125,scream,200,100,100,26,0.2,5,5,5,20,sequential_80,model_layers=6,6_layers_-not so good,,,,,,,,,,,,,,
0.823177083,0.824717803,0.833333333,scream,300,150,150,26,0.2,5,5,5,20,sequential_160,model_layers=6,,,,,,,,,,,,,,,
0.496598639,0,0,scream,734,367,367,26,0.2,5,5,5,20,sequential_1,model_layers=5,,,,,,,,,,,,,,,
0.496598639,0,0,scream,734,367,367,26,0.2,5,5,5,20,sequential_1,model_layers=5,,,,,,,,,,,,,,,
0.496598639,0,0,scream,734,367,367,26,0.2,5,5,5,20,sequential_1,model_layers=5,,,,,,,,,,,,,,,
0.496598639,0,0,scream,734,367,367,26,0.2,5,5,5,20,sequential_1,model_layers=5,,,,,,,,,,,,,,,
0.496598639,0,0,scream,734,367,367,26,0.2,5,5,5,20,sequential_1,model_layers=5,,,,,,,,,,,,,,,
0.97109375,0.971408227,0.97734375,scream,200,100,100,26,0.2,5,5,5,20,sequential_1,model_layers=5,,,,,,,,,,,,,,,
0.971354167,0.971374265,0.972916667,scream,300,150,150,26,0.2,5,5,5,20,sequential_1,model_layers=5,,,,,,,,,,,,,,,
0.973046875,0.973243799,0.97890625,scream,400,200,200,26,0.2,5,5,5,20,sequential_1,model_layers=5,,,,,,,,,,,,,,,
0.98015625,0.980118102,0.9796875,scream,500,250,250,26,0.2,5,5,5,20,sequential_1,model_layers=5,,,,,,,,,,,,,,,
0.977994792,0.978102463,0.980989583,scream,600,300,300,26,0.2,5,5,5,20,sequential_1,model_layers=5,,,,,,,,,,,,,,,
0.976227679,0.976434363,0.983482143,scream,700,350,350,26,0.2,5,5,5,20,sequential_1,model_layers=5,,,,,,,,,,,,,,,
0.977954488,0.978177131,0.985078171,scream,734,367,367,26,0.2,5,5,5,20,sequential_1,model_layers=5,,,,,,,,,,,,,,,
0.496598639,0,0,scream,734,367,367,26,0.2,5,5,5,20,sequential_46,model_layers=5,,,,,,,,,,,,,,,
0.96171875,0.960854375,0.9453125,scream,200,100,100,26,0.2,5,5,5,20,sequential_46,model_layers=5,,,,,,,,,,,,,,,
0.96796875,0.967747016,0.9640625,scream,300,150,150,26,0.2,5,5,5,20,sequential_46,model_layers=5,,,,,,,,,,,,,,,
0.966210938,0.966144588,0.964453125,scream,400,200,200,26,0.2,5,5,5,20,sequential_46,model_layers=5,,,,,,,,,,,,,,,
0.9709375,0.970707909,0.9671875,scream,500,250,250,26,0.2,5,5,5,20,sequential_46,model_layers=5,,,,,,,,,,,,,,,
0.965104167,0.965375872,0.970833333,scream,600,300,300,26,0.2,5,5,5,20,sequential_46,model_layers=5,,,,,,,,,,,,,,,
0.969754464,0.969821356,0.971205357,scream,700,350,350,26,0.2,5,5,5,20,sequential_46,model_layers=5,,,,,,,,,,,,,,,
0.971272657,0.971373511,0.975054793,scream,734,367,367,26,0.2,5,5,5,20,sequential_46,model_layers=5,,,,,,,,,,,,,,,
0.963671875,0.963011687,0.95703125,scream,200,100,100,26,0.2,5,5,5,20,Sequential,TEST,RUN,#NAME?,RESULTS,-,Goal:,compare,different,models,with,best,model,on,different,data,sizes
0.740234375,0.736537146,0.73359375,scream,200,100,100,26,0.2,5,5,5,20,Id3Estimator,TEST,RUN,#NAME?,RESULTS,-,Goal:,compare,different,models,with,best,model,on,different,data,sizes
0.801171875,0.807215118,0.83671875,scream,200,100,100,26,0.2,5,5,5,20,KNeighborsClassifier,TEST,RUN,#NAME?,RESULTS,-,Goal:,compare,different,models,with,best,model,on,different,data,sizes
0.79375,0.794118844,0.803125,scream,200,100,100,26,0.2,5,5,5,20,SVC,TEST,RUN,#NAME?,RESULTS,-,Goal:,compare,different,models,with,best,model,on,different,data,sizes
0.759375,0.758063958,0.7625,scream,200,100,100,26,0.2,5,5,5,20,SVC,TEST,RUN,#NAME?,RESULTS,-,Goal:,compare,different,models,with,best,model,on,different,data,sizes
0.591015625,0.709537279,0.9953125,scream,200,100,100,26,0.2,5,5,5,20,SVC,TEST,RUN,#NAME?,RESULTS,-,Goal:,compare,different,models,with,best,model,on,different,data,sizes
0.8171875,0.820811863,0.8390625,scream,200,100,100,26,0.2,5,5,5,20,GaussianProcessClassifier,TEST,RUN,#NAME?,RESULTS,-,Goal:,compare,different,models,with,best,model,on,different,data,sizes
0.721875,0.7183231,0.71875,scream,200,100,100,26,0.2,5,5,5,20,DecisionTreeClassifier,TEST,RUN,#NAME?,RESULTS,-,Goal:,compare,different,models,with,best,model,on,different,data,sizes
0.74609375,0.725061413,0.684375,scream,200,100,100,26,0.2,5,5,5,20,RandomForestClassifier,TEST,RUN,#NAME?,RESULTS,-,Goal:,compare,different,models,with,best,model,on,different,data,sizes
0.672265625,0.636546753,0.60859375,scream,200,100,100,26,0.2,5,5,5,20,MLPClassifier,TEST,RUN,#NAME?,RESULTS,-,Goal:,compare,different,models,with,best,model,on,different,data,sizes
0.80703125,0.80578041,0.809375,scream,200,100,100,26,0.2,5,5,5,20,AdaBoostClassifier,TEST,RUN,#NAME?,RESULTS,-,Goal:,compare,different,models,with,best,model,on,different,data,sizes
0.7609375,0.760513917,0.76484375,scream,200,100,100,26,0.2,5,5,5,20,GaussianNB,TEST,RUN,#NAME?,RESULTS,-,Goal:,compare,different,models,with,best,model,on,different,data,sizes
0.95625,0.95525374,0.946875,scream,200,100,100,26,0.2,5,5,5,20,Sequential,None,TEST_RUN_IGNORE_RESULTS,,,,,,,,,,,,,,
0.731640625,0.724685306,0.71640625,scream,200,100,100,26,0.2,5,5,5,20,Id3Estimator,None,TEST_RUN_IGNORE_RESULTS,,,,,,,,,,,,,,
0.778515625,0.790243291,0.8375,scream,200,100,100,26,0.2,5,5,5,20,KNeighborsClassifier,None,TEST_RUN_IGNORE_RESULTS,,,,,,,,,,,,,,
0.775390625,0.775760499,0.78359375,scream,200,100,100,26,0.2,5,5,5,20,SVC,None,TEST_RUN_IGNORE_RESULTS,,,,,,,,,,,,,,
0.787109375,0.789435565,0.8046875,scream,200,100,100,26,0.2,5,5,5,20,SVC,None,TEST_RUN_IGNORE_RESULTS,,,,,,,,,,,,,,
0.590234375,0.709219576,0.99609375,scream,200,100,100,26,0.2,5,5,5,20,SVC,None,TEST_RUN_IGNORE_RESULTS,,,,,,,,,,,,,,
0.811328125,0.813620412,0.83125,scream,200,100,100,26,0.2,5,5,5,20,GaussianProcessClassifier,None,TEST_RUN_IGNORE_RESULTS,,,,,,,,,,,,,,
0.739453125,0.735770854,0.7359375,scream,200,100,100,26,0.2,5,5,5,20,DecisionTreeClassifier,None,TEST_RUN_IGNORE_RESULTS,,,,,,,,,,,,,,
0.73984375,0.7283142,0.70546875,scream,200,100,100,26,0.2,5,5,5,20,RandomForestClassifier,None,TEST_RUN_IGNORE_RESULTS,,,,,,,,,,,,,,
0.646875,0.623026649,0.6265625,scream,200,100,100,26,0.2,5,5,5,20,MLPClassifier,None,TEST_RUN_IGNORE_RESULTS,,,,,,,,,,,,,,
0.8140625,0.815496085,0.8296875,scream,200,100,100,26,0.2,5,5,5,20,AdaBoostClassifier,None,TEST_RUN_IGNORE_RESULTS,,,,,,,,,,,,,,
0.764453125,0.761964996,0.76171875,scream,200,100,100,26,0.2,5,5,5,20,GaussianNB,None,TEST_RUN_IGNORE_RESULTS,,,,,,,,,,,,,,
0.958984375,0.957199385827999,0.9382812500000001,scream,200,100,100,26,0.2,5,5,5,20,Sequential,None,TEST_RUN_IGNORE_RESULTS
0.73828125,0.7349547359694131,0.73125,scream,200,100,100,26,0.2,5,5,5,20,Id3Estimator,None,TEST_RUN_IGNORE_RESULTS
0.77734375,0.7901489506308162,0.83515625,scream,200,100,100,26,0.2,5,5,5,20,KNeighborsClassifier,None,TEST_RUN_IGNORE_RESULTS
0.7980468749999999,0.8008719312189344,0.8125,scream,200,100,100,26,0.2,5,5,5,20,SVC,None,TEST_RUN_IGNORE_RESULTS
0.7625000000000001,0.7668177785006468,0.7867187499999999,scream,200,100,100,26,0.2,5,5,5,20,SVC,None,TEST_RUN_IGNORE_RESULTS
0.609375,0.7203259127657452,1.0,scream,200,100,100,26,0.2,5,5,5,20,SVC,None,TEST_RUN_IGNORE_RESULTS
0.8167968750000001,0.8172745379263402,0.8265624999999999,scream,200,100,100,26,0.2,5,5,5,20,GaussianProcessClassifier,None,TEST_RUN_IGNORE_RESULTS
0.736328125,0.7342313269337577,0.7367187500000001,scream,200,100,100,26,0.2,5,5,5,20,DecisionTreeClassifier,None,TEST_RUN_IGNORE_RESULTS
0.7332031250000001,0.7131972943271581,0.6734375,scream,200,100,100,26,0.2,5,5,5,20,RandomForestClassifier,None,TEST_RUN_IGNORE_RESULTS
0.75703125,0.7508506050200285,0.746875,scream,200,100,100,26,0.2,5,5,5,20,GaussianNB,None,TEST_RUN_IGNORE_RESULTS
0.7992187500000001,0.8012968345758462,0.8078125,scream,200,100,100,26,0.2,5,5,5,20,AdaBoostClassifier,None,TEST_RUN_IGNORE_RESULTS
0.5265625,0.478503582047888,0.51328125,scream,200,100,100,26,0.2,5,5,5,20,MLPClassifier,None,TEST_RUN_IGNORE_RESULTS
0.952734375,0.9519587671313344,0.9437500000000001,scream,200,100,100,26,0.2,5,5,5,20,Sequential,model_layers=5,TEST_RUN_IGNORE_RESULTS
0.7226562500000001,0.7135153739323078,0.7039062500000001,scream,200,100,100,26,0.2,5,5,5,20,Id3Estimator,None,TEST_RUN_IGNORE_RESULTS
0.7855468749999999,0.7893836057832425,0.81015625,scream,200,100,100,26,0.2,5,5,5,20,KNeighborsClassifier,None,TEST_RUN_IGNORE_RESULTS
0.7753906249999999,0.7728387470336326,0.7671875,scream,200,100,100,26,0.2,5,5,5,20,SVC,None,TEST_RUN_IGNORE_RESULTS
0.7953124999999999,0.7926884604970896,0.79375,scream,200,100,100,26,0.2,5,5,5,20,SVC,None,TEST_RUN_IGNORE_RESULTS
0.5882812500000001,0.7083486855293282,0.9953125,scream,200,100,100,26,0.2,5,5,5,20,SVC,None,TEST_RUN_IGNORE_RESULTS
0.823046875,0.8259461287520861,0.84609375,scream,200,100,100,26,0.2,5,5,5,20,GaussianProcessClassifier,None,TEST_RUN_IGNORE_RESULTS
0.74296875,0.7339814928610587,0.71640625,scream,200,100,100,26,0.2,5,5,5,20,DecisionTreeClassifier,None,TEST_RUN_IGNORE_RESULTS
0.75546875,0.7401123646057662,0.70546875,scream,200,100,100,26,0.2,5,5,5,20,RandomForestClassifier,None,TEST_RUN_IGNORE_RESULTS
0.7699218750000001,0.7662171833583934,0.7625,scream,200,100,100,26,0.2,5,5,5,20,GaussianNB,None,TEST_RUN_IGNORE_RESULTS
0.801953125,0.8012330719031675,0.8062499999999999,scream,200,100,100,26,0.2,5,5,5,20,AdaBoostClassifier,None,TEST_RUN_IGNORE_RESULTS
0.48945312500000004,0.48024517515993403,0.52421875,scream,200,100,100,26,0.2,5,5,5,20,MLPClassifier,None,TEST_RUN_IGNORE_RESULTS
0.9707031250000001,0.9706381982778449,0.96875,scream,200,100,100,26,0.2,5,5,5,20,Sequential,model_layers=5,compare_different_models
0.9645833333333333,0.9640420605028938,0.9546875000000001,scream,300,150,150,26,0.2,5,5,5,20,Sequential,model_layers=5,compare_different_models
0.9675781250000001,0.9673219980601901,0.9640625,scream,400,200,200,26,0.2,5,5,5,20,Sequential,model_layers=5,compare_different_models
0.96375,0.9636313618558708,0.9625,scream,500,250,250,26,0.2,5,5,5,20,Sequential,model_layers=5,compare_different_models
0.9690104166666667,0.9689474946163326,0.9679687499999998,scream,600,300,300,26,0.2,5,5,5,20,Sequential,model_layers=5,compare_different_models
0.9691964285714285,0.9692742488000232,0.9714285714285714,scream,700,350,350,26,0.2,5,5,5,20,Sequential,model_layers=5,compare_different_models
0.964227494167953,0.9644606968026657,0.9709709234365868,scream,734,367,367,26,0.2,5,5,5,20,Sequential,model_layers=5,compare_different_models
0.740625,0.7356093527203951,0.7289062500000001,scream,200,100,100,26,0.2,5,5,5,20,Id3Estimator,None,compare_different_models
0.78828125,0.7849969162324006,0.7791666666666667,scream,300,150,150,26,0.2,5,5,5,20,Id3Estimator,None,compare_different_models
0.8123046875000001,0.8099685343516849,0.80546875,scream,400,200,200,26,0.2,5,5,5,20,Id3Estimator,None,compare_different_models
0.83375,0.8309703433507493,0.8228125,scream,500,250,250,26,0.2,5,5,5,20,Id3Estimator,None,compare_different_models
0.851171875,0.8493821058669673,0.8421875,scream,600,300,300,26,0.2,5,5,5,20,Id3Estimator,None,compare_different_models
0.8582589285714286,0.85719769437071,0.8529017857142858,scream,700,350,350,26,0.2,5,5,5,20,Id3Estimator,None,compare_different_models
0.8514786955446657,0.8500162465818661,0.8434504675628287,scream,734,367,367,26,0.2,5,5,5,20,Id3Estimator,None,compare_different_models
0.794921875,0.8033391397762775,0.8390625,scream,200,100,100,26,0.2,5,5,5,20,KNeighborsClassifier,None,compare_different_models
0.8312499999999999,0.8360537249607363,0.8635416666666667,scream,300,150,150,26,0.2,5,5,5,20,KNeighborsClassifier,None,compare_different_models
0.8392578125,0.8427820773699348,0.8636718749999999,scream,400,200,200,26,0.2,5,5,5,20,KNeighborsClassifier,None,compare_different_models
0.85421875,0.8546424364881308,0.8590625,scream,500,250,250,26,0.2,5,5,5,20,KNeighborsClassifier,None,compare_different_models
0.8787760416666667,0.8788988039884488,0.8812499999999999,scream,600,300,300,26,0.2,5,5,5,20,KNeighborsClassifier,None,compare_different_models
0.8829241071428572,0.8822443383201641,0.8785714285714286,scream,700,350,350,26,0.2,5,5,5,20,KNeighborsClassifier,None,compare_different_models
0.8866377437096316,0.8860042075402742,0.883364991233197,scream,734,367,367,26,0.2,5,5,5,20,KNeighborsClassifier,None,compare_different_models
0.8109375,0.8100579601958096,0.8109375000000001,scream,200,100,100,26,0.2,5,5,5,20,SVC,None,compare_different_models
0.8481770833333333,0.8503225326419841,0.8666666666666667,scream,300,150,150,26,0.2,5,5,5,20,SVC,None,compare_different_models
0.8544921875000001,0.8577046788215799,0.8757812500000001,scream,400,200,200,26,0.2,5,5,5,20,SVC,None,compare_different_models
0.8603124999999999,0.8630370523457166,0.8821875000000001,scream,500,250,250,26,0.2,5,5,5,20,SVC,None,compare_different_models
0.8746093749999999,0.877004042520072,0.8934895833333334,scream,600,300,300,26,0.2,5,5,5,20,SVC,None,compare_different_models
0.8827008928571429,0.8836258751421119,0.8915178571428573,scream,700,350,350,26,0.2,5,5,5,20,SVC,None,compare_different_models
0.8856588152577339,0.8869496923435636,0.897406487434249,scream,734,367,367,26,0.2,5,5,5,20,SVC,None,compare_different_models
0.79765625,0.7994904142646937,0.8101562499999999,scream,200,100,100,26,0.2,5,5,5,20,SVC,None,compare_different_models
0.8260416666666667,0.8310231648373669,0.8578125,scream,300,150,150,26,0.2,5,5,5,20,SVC,None,compare_different_models
0.845703125,0.8487049288913995,0.8671875,scream,400,200,200,26,0.2,5,5,5,20,SVC,None,compare_different_models
0.86421875,0.8686754828288352,0.8971875,scream,500,250,250,26,0.2,5,5,5,20,SVC,None,compare_different_models
0.8755208333333333,0.8778413569611521,0.89375,scream,600,300,300,26,0.2,5,5,5,20,SVC,None,compare_different_models
0.8760044642857142,0.8783253439593883,0.8950892857142857,scream,700,350,350,26,0.2,5,5,5,20,SVC,None,compare_different_models
0.8802290171189937,0.8829097799227917,0.9044491525423728,scream,734,367,367,26,0.2,5,5,5,20,SVC,None,compare_different_models
0.579296875,0.6882014668829487,0.9710937500000001,scream,200,100,100,26,0.2,5,5,5,20,SVC,None,compare_different_models
0.6010416666666667,0.714680610675721,0.9963541666666667,scream,300,150,150,26,0.2,5,5,5,20,SVC,None,compare_different_models
0.6337890625,0.7318722779108854,0.996484375,scream,400,200,200,26,0.2,5,5,5,20,SVC,None,compare_different_models
0.651875,0.7409299821633637,0.9924999999999999,scream,500,250,250,26,0.2,5,5,5,20,SVC,None,compare_different_models
0.6733072916666667,0.7530799106086984,0.99375,scream,600,300,300,26,0.2,5,5,5,20,SVC,None,compare_different_models
0.6922991071428571,0.7642027475500601,0.9944196428571429,scream,700,350,350,26,0.2,5,5,5,20,SVC,None,compare_different_models
0.69620651565786,0.7665265313713394,0.9970119812974869,scream,734,367,367,26,0.2,5,5,5,20,SVC,None,compare_different_models
0.815625,0.8195341858818337,0.8421875,scream,200,100,100,26,0.2,5,5,5,20,GaussianProcessClassifier,None,compare_different_models
0.8611979166666668,0.862943427517185,0.8781249999999999,scream,300,150,150,26,0.2,5,5,5,20,GaussianProcessClassifier,None,compare_different_models
0.8697265625,0.8717815233496552,0.88671875,scream,400,200,200,26,0.2,5,5,5,20,GaussianProcessClassifier,None,compare_different_models
0.8932812500000001,0.8935678500523183,0.8968750000000001,scream,500,250,250,26,0.2,5,5,5,20,GaussianProcessClassifier,None,compare_different_models
0.90390625,0.9043715139781299,0.909375,scream,600,300,300,26,0.2,5,5,5,20,GaussianProcessClassifier,None,compare_different_models
0.9118303571428571,0.9120268922927764,0.9154017857142857,scream,700,350,350,26,0.2,5,5,5,20,GaussianProcessClassifier,None,compare_different_models
0.9102483240669974,0.9107725567634257,0.9170149035651666,scream,734,367,367,26,0.2,5,5,5,20,GaussianProcessClassifier,None,compare_different_models
0.7515624999999999,0.7473265340024808,0.7429687500000002,scream,200,100,100,26,0.2,5,5,5,20,DecisionTreeClassifier,None,compare_different_models
0.7669270833333333,0.762719613681704,0.7562499999999999,scream,300,150,150,26,0.2,5,5,5,20,DecisionTreeClassifier,None,compare_different_models
0.8091796875,0.804821195177944,0.7933593749999999,scream,400,200,200,26,0.2,5,5,5,20,DecisionTreeClassifier,None,compare_different_models
0.8192187499999999,0.8170657083922823,0.8090624999999999,scream,500,250,250,26,0.2,5,5,5,20,DecisionTreeClassifier,None,compare_different_models
0.8467447916666666,0.845990246512984,0.8447916666666667,scream,600,300,300,26,0.2,5,5,5,20,DecisionTreeClassifier,None,compare_different_models
0.8441964285714286,0.8442468774182063,0.8459821428571429,scream,700,350,350,26,0.2,5,5,5,20,DecisionTreeClassifier,None,compare_different_models
0.8584975547862749,0.8571995544321599,0.8534848042080654,scream,734,367,367,26,0.2,5,5,5,20,DecisionTreeClassifier,None,compare_different_models
0.736328125,0.717457638970204,0.678125,scream,200,100,100,26,0.2,5,5,5,20,RandomForestClassifier,None,compare_different_models
0.7895833333333333,0.7787241816526798,0.7458333333333333,scream,300,150,150,26,0.2,5,5,5,20,RandomForestClassifier,None,compare_different_models
0.8230468750000002,0.8166836185877345,0.7921874999999999,scream,400,200,200,26,0.2,5,5,5,20,RandomForestClassifier,None,compare_different_models
0.8539062499999999,0.8514680230960008,0.838125,scream,500,250,250,26,0.2,5,5,5,20,RandomForestClassifier,None,compare_different_models
0.8658854166666667,0.8642803902902556,0.8541666666666666,scream,600,300,300,26,0.2,5,5,5,20,RandomForestClassifier,None,compare_different_models
0.8767857142857143,0.8753502070332907,0.8667410714285714,scream,700,350,350,26,0.2,5,5,5,20,RandomForestClassifier,None,compare_different_models
0.8698860003396823,0.868633468002235,0.8632415254237287,scream,734,367,367,26,0.2,5,5,5,20,RandomForestClassifier,None,compare_different_models
0.765625,0.7644470747700479,0.77578125,scream,200,100,100,26,0.2,5,5,5,20,GaussianNB,None,compare_different_models
0.8059895833333333,0.8109646156619137,0.8333333333333334,scream,300,150,150,26,0.2,5,5,5,20,GaussianNB,None,compare_different_models
0.8208984375,0.8229733812100376,0.837890625,scream,400,200,200,26,0.2,5,5,5,20,GaussianNB,None,compare_different_models
0.8367187500000001,0.8394968741158351,0.8546875,scream,500,250,250,26,0.2,5,5,5,20,GaussianNB,None,compare_different_models
0.8364583333333333,0.8387395236337848,0.8502604166666666,scream,600,300,300,26,0.2,5,5,5,20,GaussianNB,None,compare_different_models
0.8436383928571427,0.8464694189880434,0.8616071428571428,scream,700,350,350,26,0.2,5,5,5,20,GaussianNB,None,compare_different_models
0.8478681339197849,0.8488723916805896,0.8568782875511397,scream,734,367,367,26,0.2,5,5,5,20,GaussianNB,None,compare_different_models
0.788671875,0.7914555589401807,0.81171875,scream,200,100,100,26,0.2,5,5,5,20,AdaBoostClassifier,None,compare_different_models
0.8135416666666667,0.8137431908166441,0.8166666666666667,scream,300,150,150,26,0.2,5,5,5,20,AdaBoostClassifier,None,compare_different_models
0.8552734375,0.8556143831477216,0.859765625,scream,400,200,200,26,0.2,5,5,5,20,AdaBoostClassifier,None,compare_different_models
0.8621875000000001,0.8634824656306386,0.8746875,scream,500,250,250,26,0.2,5,5,5,20,AdaBoostClassifier,None,compare_different_models
0.8697916666666666,0.8710561775237775,0.8802083333333333,scream,600,300,300,26,0.2,5,5,5,20,AdaBoostClassifier,None,compare_different_models
0.8879464285714285,0.8882326271731015,0.8919642857142858,scream,700,350,350,26,0.2,5,5,5,20,AdaBoostClassifier,None,compare_different_models
0.8929808285503055,0.8934655153335072,0.8984438924605493,scream,734,367,367,26,0.2,5,5,5,20,AdaBoostClassifier,None,compare_different_models
0.828515625,0.8267418860580154,0.8296874999999999,scream,200,100,100,26,0.2,5,5,5,20,MLPClassifier,None,compare_different_models
0.8416666666666667,0.8419399458805515,0.8458333333333334,scream,300,150,150,26,0.2,5,5,5,20,MLPClassifier,None,compare_different_models
0.8830078125,0.8849422892250356,0.90078125,scream,400,200,200,26,0.2,5,5,5,20,MLPClassifier,None,compare_different_models
0.89578125,0.8969615027285127,0.9059375000000001,scream,500,250,250,26,0.2,5,5,5,20,MLPClassifier,None,compare_different_models
0.900390625,0.9018789716419455,0.91640625,scream,600,300,300,26,0.2,5,5,5,20,MLPClassifier,None,compare_different_models
0.9104910714285714,0.9112287655254228,0.9196428571428572,scream,700,350,350,26,0.2,5,5,5,20,MLPClassifier,None,compare_different_models
0.9061984388346895,0.9065551202695019,0.9116817650496785,scream,734,367,367,26,0.2,5,5,5,20,MLPClassifier,None,compare_different_models
0.9613281250000001,0.9605291090612098,0.95234375,scream,200,100,100,26,0.2,5,5,5,20,Sequential,model_layers=5,compare_different_models-20%_nearmiss_instead_of_50%
0.9674479166666666,0.9671056272626786,0.9619791666666667,scream,300,150,150,26,0.2,5,5,5,20,Sequential,model_layers=5,compare_different_models-20%_nearmiss_instead_of_50%
0.96484375,0.9646058758038027,0.9621093749999999,scream,400,200,200,26,0.2,5,5,5,20,Sequential,model_layers=5,compare_different_models-20%_nearmiss_instead_of_50%
0.96875,0.9688012185415833,0.9703125,scream,500,250,250,26,0.2,5,5,5,20,Sequential,model_layers=5,compare_different_models-20%_nearmiss_instead_of_50%
0.9692708333333333,0.9694893419195236,0.975,scream,600,300,300,26,0.2,5,5,5,20,Sequential,model_layers=5,compare_different_models-20%_nearmiss_instead_of_50%
0.9685267857142856,0.9687615366307971,0.9752232142857143,scream,700,350,350,26,0.2,5,5,5,20,Sequential,model_layers=5,compare_different_models-20%_nearmiss_instead_of_50%
0.9686975646520503,0.968906629927582,0.9734256282875513,scream,734,367,367,26,0.2,5,5,5,20,Sequential,model_layers=5,compare_different_models-20%_nearmiss_instead_of_50%
0.723828125,0.7250544905178563,0.734375,scream,200,100,100,26,0.2,5,5,5,20,Id3Estimator,None,compare_different_models-20%_nearmiss_instead_of_50%
0.7731770833333333,0.7718527994747904,0.7682291666666667,scream,300,150,150,26,0.2,5,5,5,20,Id3Estimator,None,compare_different_models-20%_nearmiss_instead_of_50%
0.8298828125,0.829592928852835,0.8304687499999999,scream,400,200,200,26,0.2,5,5,5,20,Id3Estimator,None,compare_different_models-20%_nearmiss_instead_of_50%
0.8262499999999999,0.8252518691574446,0.8240624999999999,scream,500,250,250,26,0.2,5,5,5,20,Id3Estimator,None,compare_different_models-20%_nearmiss_instead_of_50%
0.8334635416666667,0.8316450926973133,0.8247395833333333,scream,600,300,300,26,0.2,5,5,5,20,Id3Estimator,None,compare_different_models-20%_nearmiss_instead_of_50%
0.8435267857142856,0.8420296106696892,0.8359375,scream,700,350,350,26,0.2,5,5,5,20,Id3Estimator,None,compare_different_models-20%_nearmiss_instead_of_50%
0.8527573281481815,0.8525972882596957,0.8510374050263004,scream,734,367,367,26,0.2,5,5,5,20,Id3Estimator,None,compare_different_models-20%_nearmiss_instead_of_50%
0.79765625,0.804809298912496,0.83828125,scream,200,100,100,26,0.2,5,5,5,20,KNeighborsClassifier,None,compare_different_models-20%_nearmiss_instead_of_50%
0.8625,0.8662591688961558,0.8880208333333333,scream,300,150,150,26,0.2,5,5,5,20,KNeighborsClassifier,None,compare_different_models-20%_nearmiss_instead_of_50%
0.8494140625,0.8492089405628589,0.849609375,scream,400,200,200,26,0.2,5,5,5,20,KNeighborsClassifier,None,compare_different_models-20%_nearmiss_instead_of_50%
0.8648437499999999,0.8668652348584748,0.8815624999999998,scream,500,250,250,26,0.2,5,5,5,20,KNeighborsClassifier,None,compare_different_models-20%_nearmiss_instead_of_50%
0.8736979166666666,0.8742458997858664,0.8786458333333333,scream,600,300,300,26,0.2,5,5,5,20,KNeighborsClassifier,None,compare_different_models-20%_nearmiss_instead_of_50%
0.8930803571428572,0.8934290192009132,0.8964285714285715,scream,700,350,350,26,0.2,5,5,5,20,KNeighborsClassifier,None,compare_different_models-20%_nearmiss_instead_of_50%
0.8960911235494813,0.8963967801856673,0.8962266218585623,scream,734,367,367,26,0.2,5,5,5,20,KNeighborsClassifier,None,compare_different_models-20%_nearmiss_instead_of_50%
0.79921875,0.8036227241780155,0.8226562500000001,scream,200,100,100,26,0.2,5,5,5,20,SVC,None,compare_different_models-20%_nearmiss_instead_of_50%
0.8268229166666667,0.8297550570306161,0.8484375,scream,300,150,150,26,0.2,5,5,5,20,SVC,None,compare_different_models-20%_nearmiss_instead_of_50%
0.8603515625,0.8623846183928181,0.8785156249999999,scream,400,200,200,26,0.2,5,5,5,20,SVC,None,compare_different_models-20%_nearmiss_instead_of_50%
0.871875,0.8733241847225011,0.8825,scream,500,250,250,26,0.2,5,5,5,20,SVC,None,compare_different_models-20%_nearmiss_instead_of_50%
0.8736979166666667,0.8756734686255837,0.890625,scream,600,300,300,26,0.2,5,5,5,20,SVC,None,compare_different_models-20%_nearmiss_instead_of_50%
0.8860491071428571,0.8866949068376877,0.8924107142857143,scream,700,350,350,26,0.2,5,5,5,20,SVC,None,compare_different_models-20%_nearmiss_instead_of_50%
0.8866148900777773,0.8897312674026118,0.9126388077147867,scream,734,367,367,26,0.2,5,5,5,20,SVC,None,compare_different_models-20%_nearmiss_instead_of_50%
0.797265625,0.801879596885517,0.8226562500000001,scream,200,100,100,26,0.2,5,5,5,20,SVC,None,compare_different_models-20%_nearmiss_instead_of_50%
0.8330729166666666,0.8381103504431162,0.8692708333333334,scream,300,150,150,26,0.2,5,5,5,20,SVC,None,compare_different_models-20%_nearmiss_instead_of_50%
0.8669921875,0.8703733243281717,0.892578125,scream,400,200,200,26,0.2,5,5,5,20,SVC,None,compare_different_models-20%_nearmiss_instead_of_50%
0.8590625000000001,0.8617442633102992,0.880625,scream,500,250,250,26,0.2,5,5,5,20,SVC,None,compare_different_models-20%_nearmiss_instead_of_50%
0.888671875,0.8903757800406019,0.9044270833333334,scream,600,300,300,26,0.2,5,5,5,20,SVC,None,compare_different_models-20%_nearmiss_instead_of_50%
0.8852678571428572,0.8863401239867621,0.8957589285714285,scream,700,350,350,26,0.2,5,5,5,20,SVC,None,compare_different_models-20%_nearmiss_instead_of_50%
0.8873435837491943,0.8889652386907312,0.9002885739333722,scream,734,367,367,26,0.2,5,5,5,20,SVC,None,compare_different_models-20%_nearmiss_instead_of_50%
0.57109375,0.6995997825424175,0.996875,scream,200,100,100,26,0.2,5,5,5,20,SVC,None,compare_different_models-20%_nearmiss_instead_of_50%
0.6158854166666666,0.7218661472937994,0.9942708333333334,scream,300,150,150,26,0.2,5,5,5,20,SVC,None,compare_different_models-20%_nearmiss_instead_of_50%
0.6390625000000001,0.7345425533100831,0.995703125,scream,400,200,200,26,0.2,5,5,5,20,SVC,None,compare_different_models-20%_nearmiss_instead_of_50%
0.6640625,0.7485396101972842,0.996875,scream,500,250,250,26,0.2,5,5,5,20,SVC,None,compare_different_models-20%_nearmiss_instead_of_50%
0.6799479166666667,0.7568132650860104,0.9927083333333333,scream,600,300,300,26,0.2,5,5,5,20,SVC,None,compare_different_models-20%_nearmiss_instead_of_50%
0.6953125,0.765801565692556,0.9939732142857143,scream,700,350,350,26,0.2,5,5,5,20,SVC,None,compare_different_models-20%_nearmiss_instead_of_50%
0.695732131082438,0.7665747389462858,0.9942540911747516,scream,734,367,367,26,0.2,5,5,5,20,SVC,None,compare_different_models-20%_nearmiss_instead_of_50%
0.8402343750000001,0.8417355017765916,0.85546875,scream,200,100,100,26,0.2,5,5,5,20,GaussianProcessClassifier,None,compare_different_models-20%_nearmiss_instead_of_50%
0.8585937499999999,0.8604157249749683,0.8729166666666666,scream,300,150,150,26,0.2,5,5,5,20,GaussianProcessClassifier,None,compare_different_models-20%_nearmiss_instead_of_50%
0.8941406250000001,0.8952317833277122,0.904296875,scream,400,200,200,26,0.2,5,5,5,20,GaussianProcessClassifier,None,compare_different_models-20%_nearmiss_instead_of_50%
0.8909375,0.8919771331732462,0.900625,scream,500,250,250,26,0.2,5,5,5,20,GaussianProcessClassifier,None,compare_different_models-20%_nearmiss_instead_of_50%
0.9147135416666666,0.9153634934436007,0.9234375,scream,600,300,300,26,0.2,5,5,5,20,GaussianProcessClassifier,None,compare_different_models-20%_nearmiss_instead_of_50%
0.9104910714285716,0.9108078770731483,0.9165178571428572,scream,700,350,350,26,0.2,5,5,5,20,GaussianProcessClassifier,None,compare_different_models-20%_nearmiss_instead_of_50%
0.9180178252084301,0.9188305248870192,0.9253725891291643,scream,734,367,367,26,0.2,5,5,5,20,GaussianProcessClassifier,None,compare_different_models-20%_nearmiss_instead_of_50%
0.7351562500000001,0.7319064468968828,0.728125,scream,200,100,100,26,0.2,5,5,5,20,DecisionTreeClassifier,None,compare_different_models-20%_nearmiss_instead_of_50%
0.7763020833333334,0.7718181600771723,0.7630208333333335,scream,300,150,150,26,0.2,5,5,5,20,DecisionTreeClassifier,None,compare_different_models-20%_nearmiss_instead_of_50%
0.8189453124999999,0.8175545501469269,0.814453125,scream,400,200,200,26,0.2,5,5,5,20,DecisionTreeClassifier,None,compare_different_models-20%_nearmiss_instead_of_50%
0.82953125,0.8281601984035234,0.824375,scream,500,250,250,26,0.2,5,5,5,20,DecisionTreeClassifier,None,compare_different_models-20%_nearmiss_instead_of_50%
0.8522135416666666,0.8515295217204937,0.8497395833333333,scream,600,300,300,26,0.2,5,5,5,20,DecisionTreeClassifier,None,compare_different_models-20%_nearmiss_instead_of_50%
0.8497767857142856,0.8486711684294518,0.84375,scream,700,350,350,26,0.2,5,5,5,20,DecisionTreeClassifier,None,compare_different_models-20%_nearmiss_instead_of_50%
0.8560630497984385,0.8548795862123675,0.848447545295149,scream,734,367,367,26,0.2,5,5,5,20,DecisionTreeClassifier,None,compare_different_models-20%_nearmiss_instead_of_50%
0.719921875,0.7000669522311717,0.66640625,scream,200,100,100,26,0.2,5,5,5,20,RandomForestClassifier,None,compare_different_models-20%_nearmiss_instead_of_50%
0.8119791666666667,0.8019482111660233,0.7739583333333333,scream,300,150,150,26,0.2,5,5,5,20,RandomForestClassifier,None,compare_different_models-20%_nearmiss_instead_of_50%
0.8273437499999999,0.8224065745601333,0.80546875,scream,400,200,200,26,0.2,5,5,5,20,RandomForestClassifier,None,compare_different_models-20%_nearmiss_instead_of_50%
0.86390625,0.8613076036986056,0.8475000000000001,scream,500,250,250,26,0.2,5,5,5,20,RandomForestClassifier,None,compare_different_models-20%_nearmiss_instead_of_50%
0.8644531249999999,0.8618715932181494,0.8481770833333333,scream,600,300,300,26,0.2,5,5,5,20,RandomForestClassifier,None,compare_different_models-20%_nearmiss_instead_of_50%
0.8686383928571428,0.8673283199392527,0.8604910714285714,scream,700,350,350,26,0.2,5,5,5,20,RandomForestClassifier,None,compare_different_models-20%_nearmiss_instead_of_50%
0.8747004051212116,0.8729602900797635,0.8624452074810052,scream,734,367,367,26,0.2,5,5,5,20,RandomForestClassifier,None,compare_different_models-20%_nearmiss_instead_of_50%
0.7738281250000001,0.7714958815714658,0.76953125,scream,200,100,100,26,0.2,5,5,5,20,GaussianNB,None,compare_different_models-20%_nearmiss_instead_of_50%
0.8109374999999999,0.8124100519747927,0.8213541666666668,scream,300,150,150,26,0.2,5,5,5,20,GaussianNB,None,compare_different_models-20%_nearmiss_instead_of_50%
0.8212890625000001,0.8230847442640455,0.8335937499999999,scream,400,200,200,26,0.2,5,5,5,20,GaussianNB,None,compare_different_models-20%_nearmiss_instead_of_50%
0.83140625,0.8324851977625142,0.8396875,scream,500,250,250,26,0.2,5,5,5,20,GaussianNB,None,compare_different_models-20%_nearmiss_instead_of_50%
0.8341145833333334,0.8375160973585718,0.8567708333333333,scream,600,300,300,26,0.2,5,5,5,20,GaussianNB,None,compare_different_models-20%_nearmiss_instead_of_50%
0.8389508928571429,0.8400170057325788,0.8446428571428571,scream,700,350,350,26,0.2,5,5,5,20,GaussianNB,None,compare_different_models-20%_nearmiss_instead_of_50%
0.842955898734683,0.8441198603888284,0.8504967855055522,scream,734,367,367,26,0.2,5,5,5,20,GaussianNB,None,compare_different_models-20%_nearmiss_instead_of_50%
0.7750000000000001,0.7771572796448976,0.7843749999999999,scream,200,100,100,26,0.2,5,5,5,20,AdaBoostClassifier,None,compare_different_models-20%_nearmiss_instead_of_50%
0.8479166666666668,0.8504011464056772,0.8666666666666667,scream,300,150,150,26,0.2,5,5,5,20,AdaBoostClassifier,None,compare_different_models-20%_nearmiss_instead_of_50%
0.8529296875000001,0.8546612312187739,0.866796875,scream,400,200,200,26,0.2,5,5,5,20,AdaBoostClassifier,None,compare_different_models-20%_nearmiss_instead_of_50%
0.8684375,0.8684603674294213,0.8709375,scream,500,250,250,26,0.2,5,5,5,20,AdaBoostClassifier,None,compare_different_models-20%_nearmiss_instead_of_50%
0.8761718749999999,0.8770735685662767,0.8846354166666666,scream,600,300,300,26,0.2,5,5,5,20,AdaBoostClassifier,None,compare_different_models-20%_nearmiss_instead_of_50%
0.8838169642857143,0.8846048885693116,0.8919642857142858,scream,700,350,350,26,0.2,5,5,5,20,AdaBoostClassifier,None,compare_different_models-20%_nearmiss_instead_of_50%
0.8908320095710511,0.8917349455548177,0.8986922852133257,scream,734,367,367,26,0.2,5,5,5,20,AdaBoostClassifier,None,compare_different_models-20%_nearmiss_instead_of_50%
0.8222656250000001,0.8232068195765583,0.83203125,scream,200,100,100,26,0.2,5,5,5,20,MLPClassifier,None,compare_different_models-20%_nearmiss_instead_of_50%
0.840625,0.8401129988375633,0.8411458333333333,scream,300,150,150,26,0.2,5,5,5,20,MLPClassifier,None,compare_different_models-20%_nearmiss_instead_of_50%
0.890625,0.8920524123224437,0.9031250000000001,scream,400,200,200,26,0.2,5,5,5,20,MLPClassifier,None,compare_different_models-20%_nearmiss_instead_of_50%
0.8982812499999999,0.8988634705405851,0.9046874999999999,scream,500,250,250,26,0.2,5,5,5,20,MLPClassifier,None,compare_different_models-20%_nearmiss_instead_of_50%
0.90859375,0.9094951347570237,0.91796875,scream,600,300,300,26,0.2,5,5,5,20,MLPClassifier,None,compare_different_models-20%_nearmiss_instead_of_50%
0.9104910714285714,0.9108282217281413,0.9142857142857144,scream,700,350,350,26,0.2,5,5,5,20,MLPClassifier,None,compare_different_models-20%_nearmiss_instead_of_50%
0.9145138202031102,0.9150541976396214,0.9217526300409118,scream,734,367,367,26,0.2,5,5,5,20,MLPClassifier,None,compare_different_models-20%_nearmiss_instead_of_50%
0.9605468749999999,0.9600878948821414,0.95546875,scream,200,100,100,26,0.2,5,5,5,20,Sequential,model_layers=5,compare_different_models-10%_nearmiss_instead_of_50%
0.9690104166666667,0.9693944093594885,0.9776041666666667,scream,300,150,150,26,0.2,5,5,5,20,Sequential,model_layers=5,compare_different_models-10%_nearmiss_instead_of_50%
0.9632812500000001,0.9634219899584029,0.966015625,scream,400,200,200,26,0.2,5,5,5,20,Sequential,model_layers=5,compare_different_models-10%_nearmiss_instead_of_50%
0.96703125,0.9672802204757649,0.9725,scream,500,250,250,26,0.2,5,5,5,20,Sequential,model_layers=5,compare_different_models-10%_nearmiss_instead_of_50%
0.9691406250000001,0.9693610032019673,0.9752604166666667,scream,600,300,300,26,0.2,5,5,5,20,Sequential,model_layers=5,compare_different_models-10%_nearmiss_instead_of_50%
0.9629464285714286,0.9634383088563466,0.9745535714285715,scream,700,350,350,26,0.2,5,5,5,20,Sequential,model_layers=5,compare_different_models-10%_nearmiss_instead_of_50%
0.9684874642209536,0.9686867889415636,0.9754639099941554,scream,734,367,367,26,0.2,5,5,5,20,Sequential,model_layers=5,compare_different_models-10%_nearmiss_instead_of_50%
0.772265625,0.7684732967471248,0.7664062500000001,scream,200,100,100,26,0.2,5,5,5,20,Id3Estimator,None,compare_different_models-10%_nearmiss_instead_of_50%
0.7979166666666667,0.7933981036833772,0.784375,scream,300,150,150,26,0.2,5,5,5,20,Id3Estimator,None,compare_different_models-10%_nearmiss_instead_of_50%
0.836328125,0.8371293037125038,0.84296875,scream,400,200,200,26,0.2,5,5,5,20,Id3Estimator,None,compare_different_models-10%_nearmiss_instead_of_50%
0.84203125,0.8409934664385432,0.83625,scream,500,250,250,26,0.2,5,5,5,20,Id3Estimator,None,compare_different_models-10%_nearmiss_instead_of_50%
0.861328125,0.8606474646972481,0.8588541666666667,scream,600,300,300,26,0.2,5,5,5,20,Id3Estimator,None,compare_different_models-10%_nearmiss_instead_of_50%
0.8602678571428573,0.8592519362785581,0.8566964285714286,scream,700,350,350,26,0.2,5,5,5,20,Id3Estimator,None,compare_different_models-10%_nearmiss_instead_of_50%
0.8706475851329007,0.869436409329045,0.8643665984804209,scream,734,367,367,26,0.2,5,5,5,20,Id3Estimator,None,compare_different_models-10%_nearmiss_instead_of_50%
0.82890625,0.826421129527328,0.825,scream,200,100,100,26,0.2,5,5,5,20,KNeighborsClassifier,None,compare_different_models-10%_nearmiss_instead_of_50%
0.8611979166666668,0.8594818463643142,0.8572916666666667,scream,300,150,150,26,0.2,5,5,5,20,KNeighborsClassifier,None,compare_different_models-10%_nearmiss_instead_of_50%
0.8712890625,0.8694798436985538,0.859375,scream,400,200,200,26,0.2,5,5,5,20,KNeighborsClassifier,None,compare_different_models-10%_nearmiss_instead_of_50%
0.89203125,0.8891502006612435,0.869375,scream,500,250,250,26,0.2,5,5,5,20,KNeighborsClassifier,None,compare_different_models-10%_nearmiss_instead_of_50%
0.8966145833333332,0.8952580259507101,0.88671875,scream,600,300,300,26,0.2,5,5,5,20,KNeighborsClassifier,None,compare_different_models-10%_nearmiss_instead_of_50%
0.9077008928571428,0.9058306042881306,0.8895089285714286,scream,700,350,350,26,0.2,5,5,5,20,KNeighborsClassifier,None,compare_different_models-10%_nearmiss_instead_of_50%
0.9053480776723764,0.9043745650316033,0.8967599357101109,scream,734,367,367,26,0.2,5,5,5,20,KNeighborsClassifier,None,compare_different_models-10%_nearmiss_instead_of_50%
0.8390625,0.8378775031139074,0.8382812500000001,scream,200,100,100,26,0.2,5,5,5,20,SVC,None,compare_different_models-10%_nearmiss_instead_of_50%
0.8635416666666668,0.8661084078297179,0.8817708333333334,scream,300,150,150,26,0.2,5,5,5,20,SVC,None,compare_different_models-10%_nearmiss_instead_of_50%
0.872265625,0.873301417142342,0.881640625,scream,400,200,200,26,0.2,5,5,5,20,SVC,None,compare_different_models-10%_nearmiss_instead_of_50%
0.88890625,0.8916010085977527,0.9115625,scream,500,250,250,26,0.2,5,5,5,20,SVC,None,compare_different_models-10%_nearmiss_instead_of_50%
0.8950520833333334,0.8967899360326987,0.9122395833333333,scream,600,300,300,26,0.2,5,5,5,20,SVC,None,compare_different_models-10%_nearmiss_instead_of_50%
0.8871651785714285,0.8898682092996576,0.9093749999999999,scream,700,350,350,26,0.2,5,5,5,20,SVC,None,compare_different_models-10%_nearmiss_instead_of_50%
0.8906166640441188,0.8930914095618682,0.9154405318527177,scream,734,367,367,26,0.2,5,5,5,20,SVC,None,compare_different_models-10%_nearmiss_instead_of_50%
0.840234375,0.8401489379714265,0.84296875,scream,200,100,100,26,0.2,5,5,5,20,SVC,None,compare_different_models-10%_nearmiss_instead_of_50%
0.8747395833333333,0.8787551613459597,0.9041666666666667,scream,300,150,150,26,0.2,5,5,5,20,SVC,None,compare_different_models-10%_nearmiss_instead_of_50%
0.8787109375000001,0.8806504857452491,0.8984375,scream,400,200,200,26,0.2,5,5,5,20,SVC,None,compare_different_models-10%_nearmiss_instead_of_50%
0.881875,0.8834735650925081,0.894375,scream,500,250,250,26,0.2,5,5,5,20,SVC,None,compare_different_models-10%_nearmiss_instead_of_50%
0.8944010416666667,0.8960614713719691,0.9106770833333333,scream,600,300,300,26,0.2,5,5,5,20,SVC,None,compare_different_models-10%_nearmiss_instead_of_50%
0.9004464285714285,0.901591201775851,0.9127232142857143,scream,700,350,350,26,0.2,5,5,5,20,SVC,None,compare_different_models-10%_nearmiss_instead_of_50%
0.8975825571840329,0.8993855208364405,0.9176724137931035,scream,734,367,367,26,0.2,5,5,5,20,SVC,None,compare_different_models-10%_nearmiss_instead_of_50%
0.605859375,0.7182189029993054,1.0,scream,200,100,100,26,0.2,5,5,5,20,SVC,None,compare_different_models-10%_nearmiss_instead_of_50%
0.6375,0.7339302190861943,0.9937500000000001,scream,300,150,150,26,0.2,5,5,5,20,SVC,None,compare_different_models-10%_nearmiss_instead_of_50%
0.6507812500000001,0.7409831575999893,0.994921875,scream,400,200,200,26,0.2,5,5,5,20,SVC,None,compare_different_models-10%_nearmiss_instead_of_50%
0.685625,0.7611913911705743,0.99875,scream,500,250,250,26,0.2,5,5,5,20,SVC,None,compare_different_models-10%_nearmiss_instead_of_50%
0.696875,0.7674382735353156,0.9973958333333333,scream,600,300,300,26,0.2,5,5,5,20,SVC,None,compare_different_models-10%_nearmiss_instead_of_50%
0.7064732142857143,0.7733663622698972,0.9975446428571428,scream,700,350,350,26,0.2,5,5,5,20,SVC,None,compare_different_models-10%_nearmiss_instead_of_50%
0.7147432775355043,0.7780458587411081,0.9985169491525424,scream,734,367,367,26,0.2,5,5,5,20,SVC,None,compare_different_models-10%_nearmiss_instead_of_50%
0.8640625,0.8663208796091331,0.8812500000000001,scream,200,100,100,26,0.2,5,5,5,20,GaussianProcessClassifier,None,compare_different_models-10%_nearmiss_instead_of_50%
0.8807291666666667,0.882288817766046,0.8963541666666668,scream,300,150,150,26,0.2,5,5,5,20,GaussianProcessClassifier,None,compare_different_models-10%_nearmiss_instead_of_50%
0.9013671875,0.901706606499401,0.9062500000000001,scream,400,200,200,26,0.2,5,5,5,20,GaussianProcessClassifier,None,compare_different_models-10%_nearmiss_instead_of_50%
0.91765625,0.9184928261914866,0.9268750000000001,scream,500,250,250,26,0.2,5,5,5,20,GaussianProcessClassifier,None,compare_different_models-10%_nearmiss_instead_of_50%
0.9295572916666668,0.9296070686539419,0.93125,scream,600,300,300,26,0.2,5,5,5,20,GaussianProcessClassifier,None,compare_different_models-10%_nearmiss_instead_of_50%
0.9290178571428571,0.9294462831344181,0.9339285714285714,scream,700,350,350,26,0.2,5,5,5,20,GaussianProcessClassifier,None,compare_different_models-10%_nearmiss_instead_of_50%
0.9309049007927588,0.9311733127908361,0.9362288135593221,scream,734,367,367,26,0.2,5,5,5,20,GaussianProcessClassifier,None,compare_different_models-10%_nearmiss_instead_of_50%
0.768359375,0.7654254989110001,0.76171875,scream,200,100,100,26,0.2,5,5,5,20,DecisionTreeClassifier,None,compare_different_models-10%_nearmiss_instead_of_50%
0.8411458333333333,0.8396411405285217,0.8385416666666666,scream,300,150,150,26,0.2,5,5,5,20,DecisionTreeClassifier,None,compare_different_models-10%_nearmiss_instead_of_50%
0.8388671875,0.8367988194620123,0.8304687500000001,scream,400,200,200,26,0.2,5,5,5,20,DecisionTreeClassifier,None,compare_different_models-10%_nearmiss_instead_of_50%
0.864375,0.8634731336474998,0.858125,scream,500,250,250,26,0.2,5,5,5,20,DecisionTreeClassifier,None,compare_different_models-10%_nearmiss_instead_of_50%
0.8602864583333334,0.8595123053780944,0.8578125,scream,600,300,300,26,0.2,5,5,5,20,DecisionTreeClassifier,None,compare_different_models-10%_nearmiss_instead_of_50%
0.8657366071428572,0.8650347432941512,0.864732142857143,scream,700,350,350,26,0.2,5,5,5,20,DecisionTreeClassifier,None,compare_different_models-10%_nearmiss_instead_of_50%
0.8757415566445375,0.8747592246830747,0.87177089421391,scream,734,367,367,26,0.2,5,5,5,20,DecisionTreeClassifier,None,compare_different_models-10%_nearmiss_instead_of_50%
0.784375,0.7763719360966764,0.7585937500000001,scream,200,100,100,26,0.2,5,5,5,20,RandomForestClassifier,None,compare_different_models-10%_nearmiss_instead_of_50%
0.8203125,0.8148379325906425,0.7953125,scream,300,150,150,26,0.2,5,5,5,20,RandomForestClassifier,None,compare_different_models-10%_nearmiss_instead_of_50%
0.8662109375,0.8624709836803344,0.84375,scream,400,200,200,26,0.2,5,5,5,20,RandomForestClassifier,None,compare_different_models-10%_nearmiss_instead_of_50%
0.8684375,0.8645228144180892,0.843125,scream,500,250,250,26,0.2,5,5,5,20,RandomForestClassifier,None,compare_different_models-10%_nearmiss_instead_of_50%
0.88359375,0.8816557214012094,0.8703124999999999,scream,600,300,300,26,0.2,5,5,5,20,RandomForestClassifier,None,compare_different_models-10%_nearmiss_instead_of_50%
0.8984375,0.8968856829479632,0.8861607142857142,scream,700,350,350,26,0.2,5,5,5,20,RandomForestClassifier,None,compare_different_models-10%_nearmiss_instead_of_50%
0.8928858392403103,0.8911338847118061,0.8809614260666278,scream,734,367,367,26,0.2,5,5,5,20,RandomForestClassifier,None,compare_different_models-10%_nearmiss_instead_of_50%
0.8226562500000001,0.8254859172952602,0.840625,scream,200,100,100,26,0.2,5,5,5,20,GaussianNB,None,compare_different_models-10%_nearmiss_instead_of_50%
0.8283854166666667,0.8287701304860202,0.8338541666666667,scream,300,150,150,26,0.2,5,5,5,20,GaussianNB,None,compare_different_models-10%_nearmiss_instead_of_50%
0.84453125,0.8436144648269142,0.84453125,scream,400,200,200,26,0.2,5,5,5,20,GaussianNB,None,compare_different_models-10%_nearmiss_instead_of_50%
0.848125,0.8498996672201474,0.8612500000000001,scream,500,250,250,26,0.2,5,5,5,20,GaussianNB,None,compare_different_models-10%_nearmiss_instead_of_50%
0.8549479166666667,0.8559246285215878,0.8632812500000001,scream,600,300,300,26,0.2,5,5,5,20,GaussianNB,None,compare_different_models-10%_nearmiss_instead_of_50%
0.8589285714285715,0.8587779607786018,0.8575892857142856,scream,700,350,350,26,0.2,5,5,5,20,GaussianNB,None,compare_different_models-10%_nearmiss_instead_of_50%
0.8670780164296382,0.8671382851222176,0.8704887492694332,scream,734,367,367,26,0.2,5,5,5,20,GaussianNB,None,compare_different_models-10%_nearmiss_instead_of_50%
0.84140625,0.843230889214236,0.85703125,scream,200,100,100,26,0.2,5,5,5,20,AdaBoostClassifier,None,compare_different_models-10%_nearmiss_instead_of_50%
0.8539062500000001,0.8552565183139176,0.8661458333333333,scream,300,150,150,26,0.2,5,5,5,20,AdaBoostClassifier,None,compare_different_models-10%_nearmiss_instead_of_50%
0.8865234375000001,0.8882136817441564,0.9015625,scream,400,200,200,26,0.2,5,5,5,20,AdaBoostClassifier,None,compare_different_models-10%_nearmiss_instead_of_50%
0.8875000000000001,0.8883418634788944,0.89625,scream,500,250,250,26,0.2,5,5,5,20,AdaBoostClassifier,None,compare_different_models-10%_nearmiss_instead_of_50%
0.8973958333333334,0.8984684362030385,0.9072916666666666,scream,600,300,300,26,0.2,5,5,5,20,AdaBoostClassifier,None,compare_different_models-10%_nearmiss_instead_of_50%
0.9118303571428572,0.9120445062372036,0.9140625,scream,700,350,350,26,0.2,5,5,5,20,AdaBoostClassifier,None,compare_different_models-10%_nearmiss_instead_of_50%
0.9108711635870461,0.9106596026689837,0.9095667738164817,scream,734,367,367,26,0.2,5,5,5,20,AdaBoostClassifier,None,compare_different_models-10%_nearmiss_instead_of_50%
0.8597656250000001,0.8582929051414052,0.86015625,scream,200,100,100,26,0.2,5,5,5,20,MLPClassifier,None,compare_different_models-10%_nearmiss_instead_of_50%
0.8731770833333333,0.8750782165424216,0.8869791666666667,scream,300,150,150,26,0.2,5,5,5,20,MLPClassifier,None,compare_different_models-10%_nearmiss_instead_of_50%
0.900390625,0.9017020036137264,0.915234375,scream,400,200,200,26,0.2,5,5,5,20,MLPClassifier,None,compare_different_models-10%_nearmiss_instead_of_50%
0.91671875,0.9173811280552231,0.9243750000000001,scream,500,250,250,26,0.2,5,5,5,20,MLPClassifier,None,compare_different_models-10%_nearmiss_instead_of_50%
0.9091145833333334,0.9094367837312167,0.9132812499999999,scream,600,300,300,26,0.2,5,5,5,20,MLPClassifier,None,compare_different_models-10%_nearmiss_instead_of_50%
0.9212053571428571,0.9214973831235306,0.9254464285714286,scream,700,350,350,26,0.2,5,5,5,20,MLPClassifier,None,compare_different_models-10%_nearmiss_instead_of_50%
0.9292127173592691,0.9286963700680148,0.9236484511981297,scream,734,367,367,26,0.2,5,5,5,20,MLPClassifier,None,compare_different_models-10%_nearmiss_instead_of_50%
